ac_number,constituency,winner_candidate,winner_party,winner_votes,turnout,region,reserved,runner_candidate,runner_party,runner_votes,margin
1,Gummidipundi,GOVINDARAJAN T.J,DMK,126452,78.08,Chennai Metro,GEN,PRAKASH M,PMK,75514,50938
2,Ponneri,DURAI. CHANDRASEKAR,INC,94528,78.2,Chennai Metro,SC,BALARAMAN. P,AIADMK,84839,9689
3,Tiruttani,S.Chandran,DMK,120314,78.76,Chennai Metro,GEN,G.Hari,AIADMK,91061,29253
4,Thiruvallur,"RAAJENDRAN, V.G.",DMK,107709,77.2,Chennai Metro,GEN,"RAMANAH, BE VEE",AIADMK,85008,22701
5,Poonamallee,Krishnaswamy A,DMK,149578,72.99,Chennai Metro,SC,Rajamannar S X,PMK,55468,94110
6,Avadi,Nasar S M,DMK,150287,67.37,Chennai Metro,GEN,Pandiarajan K,AIADMK,95012,55275
7,Maduravoyal,GANAPATHY.K,DMK,121298,60.3,Chennai Metro,GEN,BENJAMIN.P,AIADMK,89577,31721
8,Ambattur,JOSEPH SAMUEL,DMK,114554,62.01,Chennai Metro,GEN,V ALEXANDER,AIADMK,72408,42146
9,Madavaram,SUDHARSANAM. S,DMK,151485,66.37,Chennai Metro,GEN,Moorthy. V,AIADMK,94414,57071
10,Thiruvottiyur,K.P.SHANKAR,DMK,88185,65.15,Chennai Metro,GEN,K.KUPPAN,AIADMK,50524,37661
11,Dr. Radhakrishnan Nagar,EBENEZER. J.J. (@)  JOHN EBENEZER.J,DMK,95763,70.98,Chennai Metro,GEN,RAAJESH.R.S.,AIADMK,53284,42479
12,Perambur,SHEKAR. R.D,DMK,105267,63.0,Chennai Metro,GEN,DHANAPALAN N.R,AIADMK,50291,54976
13,Kolathur,M.K. STALIN,DMK,105522,61.04,Chennai Metro,GEN,AADIRAJARAM,AIADMK,35138,70384
14,Villivakkam,A . Vetriazhagan,DMK,76127,55.92,Chennai Metro,GEN,J.C.D.Prabhakar,AIADMK,38890,37237
15,Thiru-Vi-Ka-Nagar,SIVAKUMAR.P,DMK,81727,60.62,Chennai Metro,SC,KALYANI.P.L,AIADMK,26714,55013
16,Egmore,I.PARANTHAMEN,DMK,68832,61.13,Chennai Metro,SC,B.JOHN PANDIAN,AIADMK,30064,38768
17,Royapuram,MURTHY.R.IDREAM,DMK,64424,62.6,Chennai Metro,GEN,JAYAKUMAR.D,AIADMK,36645,27779
18,Harbour,SEKARBABU. P.K,DMK,59317,57.64,Chennai Metro,GEN,VINOJ. P. SELVAM,BJP,32043,27274
19,Chepauk-Thiruvallikeni,UDHAYANIDHI STALIN,DMK,93285,58.33,Chennai Metro,GEN,KASSALI A.V.A,PMK,23930,69355
20,Thousand Lights,EZHILAN N,DMK,71867,56.25,Chennai Metro,GEN,KUSHBOO SUNDAR,BJP,39405,32462
21,Anna Nagar,M.K. Mohan,DMK,80054,57.33,Chennai Metro,GEN,S. Gokula Indira,AIADMK,52609,27445
22,Virugampakkam,AMV.PRABHAKARA RAJA,DMK,74351,57.59,Chennai Metro,GEN,VIRUGAI V.N.RAVI,AIADMK,55984,18367
23,Saidapet,SUBRAMANIAN. MA,DMK,80194,57.36,Chennai Metro,GEN,SAIDAI DURAISAMY,AIADMK,50786,29408
24,Theayagaraya Nagar,KARUNANITHI J,DMK,56035,55.99,Chennai Metro,GEN,SATHIYANAARAYANAN B,AIADMK,55898,137
25,Mylapore,VELU.DHA,DMK,68392,56.6,Chennai Metro,GEN,NATARAJ.R,AIADMK,55759,12633
26,Velachery,JMH.AASSAN MAULAANA,INC,68493,56.18,Chennai Metro,GEN,M.K.ASHOK,AIADMK,64141,4352
27,Shozhinganallur,S.ARAVINDRAMESH,DMK,171558,55.51,Chennai Metro,GEN,K.P.KANDAN,AIADMK,136153,35405
28,Alandur,T.M.Anbarasan,DMK,116785,60.82,Chennai Metro,GEN,B.Valarmathi,AIADMK,76214,40571
29,Sriperumbudur,SELVAPERUNTHAGAI,INC,115353,73.94,Chennai Metro,SC,PALANI,AIADMK,104474,10879
30,Pallavaram,KARUNANITHI,DMK,126427,60.86,Chennai Metro,GEN,RAJENDRAN,AIADMK,88646,37781
31,Tambaram,Raja.S.R,DMK,116840,59.55,Chennai Metro,GEN,Chinnaiyah.T.K.M,AIADMK,80016,36824
32,Chengalpattu,VARALAKSHMI.M,DMK,130573,63.54,Chennai Metro,GEN,GAJENDRAN.M,AIADMK,103908,26665
33,Thiruporur,S.S.Balaji,VCK,93954,76.36,North,GEN,Arumugam.K,PMK,92007,1947
34,Cheyyur,Babu M,VCK,82750,77.88,North,SC,Kanitha S,AIADMK,78708,4042
35,Maduranthakam,Maragatham. K,AIADMK,86646,80.65,North,SC,Sathya. C.E,DMK,83076,3570
36,Uthiramerur,SUNDAR K,DMK,93427,80.1,North,GEN,SOMASUNDARAM V,AIADMK,91805,1622
37,Kancheepuram,C.V.M.P. Ezhailzrasan,DMK,102712,73.28,North,GEN,P. Magesh Kumar,PMK,91117,11595
38,Arakonam,S.RAVI,AIADMK,85399,74.89,North,SC,GOWTHAMA SANNAH.J,VCK,58230,27169
39,Sholinghur,A.M.MUNIRATHINAM,INC,110228,80.09,North,GEN,A.M.KRISHNAN,PMK,83530,26698
40,Katpadi,DURAIMURUGAN,DMK,85140,74.0,North,GEN,V RAMU,AIADMK,84394,746
41,Ranipet,R.GANDHI,DMK,103291,77.24,North,GEN,S.M.SUGUMAR,AIADMK,86793,16498
42,Arcot,J.L.Eswarappan,DMK,103885,79.62,North,GEN,Elavazagan.K.L,PMK,83927,19958
43,Vellore,Karthikeyan .P,DMK,84299,70.25,North,GEN,Appu S.R.K,AIADMK,75118,9181
44,Anaikattu,A.P.Nandakumar,DMK,95159,77.05,North,GEN,D.Velazhagan,AIADMK,88799,6360
45,Kilvaithinankuppam,M.JAGAN MOORTHY,AIADMK,84579,76.5,North,SC,K Seetharaman,DMK,73997,10582
46,Gudiyatham,Amulu.V,DMK,100412,72.56,North,SC,Paritha.G,AIADMK,93511,6901
47,Vaniayambadi,G.SENDHIL KUMAR,AIADMK,88018,75.55,North,GEN,N.MOHAMMED NAYEEM,IUML,83114,4904
48,Ambur,VILWANATHAN.A.C,DMK,90476,74.01,North,GEN,NAZAR MOHAMED.K,AIADMK,70244,20232
49,Jolarpet,DEVARAJI.K.,DMK,89490,80.98,North,GEN,VEERAMANI.K.C.,AIADMK,88399,1091
50,Tiruppattur,A. NALLATHAMBI,DMK,96522,76.97,North,GEN,T.K. RAJA,PMK,68282,28240
51,Uthangarai,T.M.TAMILSELVAM,AIADMK,99675,78.37,North,SC,S.Arumugam,INC,71288,28387
52,Bargur,MATHIAZHAGAN D,DMK,97256,79.08,North,GEN,KRISHNAN A,AIADMK,84642,12614
53,Krishnagiri,Ashokkumar.K,AIADMK,96050,78.5,North,GEN,SENGUTTUVAN.T,DMK,95256,794
54,Veppanahalli,K.P.Munusamy,AIADMK,94104,81.31,North,GEN,P.Murugan,DMK,91050,3054
55,Hosur,PRAKAASH Y,DMK,118231,70.09,North,GEN,JYOTHI S,AIADMK,105864,12367
56,Thalli,RAMACHANDRAN.T,CPI,120641,77.06,North,GEN,Dr.NAGESH KUMAR.C,BJP,64415,56226
57,Palacode,ANBALAGAN.K.P.,AIADMK,110070,87.37,North,GEN,MURUGAN.P.K.,DMK,81970,28100
58,Pennagaram,MANI. G.K,PMK,106123,85.0,North,GEN,INBASEKARAN. P.N.P,DMK,84937,21186
59,Dharmapuri,VENKATESHWARAN.S.P.,PMK,105630,79.69,North,GEN,SUBRAMANI.P,DMK,78770,26860
60,Pappireddippatti,GOVINDASAMY.A,AIADMK,114507,82.15,North,GEN,PRABHURAJASEKAR.M,DMK,77564,36943
61,Harur,SAMPATHKUMAR.V,AIADMK,99061,78.46,North,SC,KUMAR.A,CPI(M),68699,30362
62,Chengam,GIRI.M.P,DMK,108081,80.66,North,SC,NAINAKANNU.M.S,AIADMK,96511,11570
63,Tiruvannamalai,E V VELU,DMK,137876,71.69,North,GEN,S THANIGAIVEL,BJP,43203,94673
64,Kilpennathur,K.Pitchandi,DMK,104675,79.35,North,GEN,K.Selvakumar,PMK,77888,26787
65,Kalasapakkam,Saravanan.P.S.T,DMK,94134,80.36,North,GEN,Panneerselvam.V,AIADMK,84912,9222
66,Polur,Agri KRISHNAMURTHY. S S,AIADMK,97732,82.33,North,GEN,SEKARAN. K.V,DMK,88007,9725
67,Arani,S.RAMACHANDRAN,AIADMK,102961,79.84,North,GEN,S.S.ANBALAGAN,DMK,99833,3128
68,Cheyyar,JOTHI. O,DMK,102460,81.69,North,GEN,DUSI. K. MOHAN,AIADMK,90189,12271
69,Vandavasi,Ambethkumar S,DMK,102064,76.81,North,SC,Murali S,PMK,66111,35953
70,Gingee,MASTHAN K S,DMK,109625,78.21,Central,GEN,RAJENDIRAN P,PMK,73822,35803
71,Mailam,SIVAKUMAR C,PMK,81044,79.5,Central,GEN,Dr. MASILAMANI R,DMK,78814,2230
72,Tindivanam,ARJUNAN P,AIADMK,87152,78.43,Central,SC,SEETHAPATHY P,DMK,77399,9753
73,Vanur,CHAKRAPANI M,AIADMK,92219,79.79,Central,SC,VANNI ARASU,VCK,70492,21727
74,Villupuram,LAKSHMANAN R,DMK,102271,76.97,Central,GEN,SHANMUGAM C Ve,AIADMK,87403,14868
75,Vikravandi,PUGAZHENTHI N,DMK,93730,81.39,Central,GEN,MUTHAMILSELVAN R,AIADMK,84157,9573
76,Tirukkoyilur,K.PONMUDY,DMK,110980,76.27,Central,GEN,VAT.KALIVARADHAN,BJP,51300,59680
77,Ulundurpet,MANIKANNAN A J,DMK,115451,82.62,Central,GEN,KUMARAGURU R,AIADMK,110195,5256
78,Rishivandiam,KARTHIKEYAN K,DMK,113912,80.18,Central,GEN,SANTHOSH S A,AIADMK,72184,41728
79,Sankarapuram,UDHAYASURIYAN T,DMK,121186,79.58,Central,GEN,Dr.RAJA G,PMK,75223,45963
80,Kallakurichi,Senthilkumar.M,AIADMK,110643,78.16,Central,SC,Manirathinem.K.I,INC,84752,25891
81,Gangavalli,"NALLATHAMBI,A.",AIADMK,89568,77.11,Central,SC,"REKHA PRIYADHARSHINI,J.",DMK,82207,7361
82,Attur,"JAYASANKARAN, A.P.",AIADMK,95308,77.26,Central,SC,"CHINNADURAI, K.",DMK,87051,8257
83,Yercaud,G. Chitra,AIADMK,121561,83.09,Central,ST,C. TAMILSELVAN,DMK,95606,25955
84,Omalur,R.MANI,AIADMK,142488,83.28,Central,GEN,RANGARAJAN MOHAN KUMARAMANGALAM,INC,87194,55294
85,Mettur,SADHASIVAM.S,PMK,97055,75.01,Central,GEN,SRINIVASAPERUMAL.S,DMK,96399,656
86,Edapadi,EDAPPADI PALANISWAMI. K,AIADMK,163154,85.64,Central,GEN,SAMBATHKUMAR. T,DMK,69352,93802
87,Sankari,"SUNDARARAJAN, S.",AIADMK,115472,83.71,Central,GEN,"RAJESH, K.M.",DMK,95427,20045
88,Salem (West),ARUL. R,PMK,105483,71.81,Central,GEN,RAJENDRAN. A,DMK,83984,21499
89,Salem (North),R. RAJENDRAN,DMK,93432,72.14,Central,GEN,G.VENKATACHALAM,AIADMK,85844,7588
90,Salem (South),E.BALASUBRAMANIAN,AIADMK,97506,76.0,Central,GEN,A.S.SARAVANAN,DMK,74897,22609
91,Veerapandi,"RAJAMUTHU, M.",AIADMK,111682,85.64,Central,GEN,"THARUN, A.K.",DMK,91787,19895
92,Rasipuram,MATHIVENTHAN M,DMK,90727,82.05,Central,SC,SAROJA V. Dr,AIADMK,88775,1952
93,Sendamangalam,PONNUSAMY K,DMK,90681,80.93,Central,ST,CHANDRAN S,AIADMK,80188,10493
94,Namakkal,RAMALINGAM P,DMK,106494,78.57,Central,GEN,BASKAR K.P.P.,AIADMK,78633,27861
95,Paramathi-Velur,SEKAR S,AIADMK,86034,81.14,Central,GEN,MOORTHIY K S,DMK,78372,7662
96,Tiruchengode,ESWARAN E R,DMK,81688,78.71,Central,GEN,SARASWATHI PON,AIADMK,78826,2862
97,Kumarapalayam,THANGAMANI.P,AIADMK,100800,78.85,Central,GEN,M.VENKATACHALAM,DMK,69154,31646
98,Erode (East),"THIRUMAHAN EVERAA,E.",INC,67300,66.24,Kongu,GEN,"YUVARAJA,M.",AIADMK,58396,8904
99,Erode (West),Muthusamy S,DMK,100757,69.36,Kongu,GEN,Ramalingam K V,AIADMK,78668,22089
100,Modakurichi,SARASWATHI.C,BJP,78125,75.26,Kongu,GEN,SUBBULAKSHMI JEGADEESAN,DMK,77844,281
101,Dharapuram,KAYALVIZHI N,DMK,89986,74.15,Kongu,SC,MURUGAN L,BJP,88593,1393
102,Kangayam,SAMINATHAN.M.P,DMK,94197,77.19,Kongu,GEN,RAMALINGAM.A.S,AIADMK,86866,7331
103,Perundurai,"JAYAKUMAR, S.",AIADMK,85125,82.6,Kongu,GEN,KKC BALU,DMK,70618,14507
104,Bhavani,KARUPPANAN.K.C,AIADMK,100915,83.5,Kongu,GEN,DURAIRAJ.K.P,DMK,78392,22523
105,Anthiyur,VENKATACHALAM.A.G,DMK,79096,79.69,Kongu,GEN,SHANMUGAVEL.K.S,AIADMK,77821,1275
106,Gobichettipalayam,SENGOTTAIYAN K.A,AIADMK,108608,82.52,Kongu,GEN,MANIMARAN G.V,DMK,80045,28563
107,Bhavanisagar,A.Bannari,AIADMK,99181,77.37,Kongu,SC,P.L SUNDARAM,CPI,83173,16008
108,Udhagamandalam,"GANESH, R.",INC,65530,67.82,Kongu,GEN,"BHOJARAJAN, M.",BJP,60182,5348
109,Gudalur,PON.JAYASEELAN,AIADMK,64496,72.15,Kongu,SC,"KASILINGAM, S.",DMK,62551,1945
110,Coonoor,"Ramachandran, K.",DMK,61820,69.79,Kongu,GEN,"Vinoth, D.",AIADMK,57715,4105
111,Mettupalayam,SELVARAJ A K,AIADMK,105231,75.14,Kongu,GEN,SHANMUGASUNDARAM T R,DMK,102775,2456
112,Avanashi,"DHANAPAL, P",AIADMK,117284,75.18,Kongu,SC,ATHIYAMAAN RAJU,DMK,66382,50902
113,Tiruppur (North),VIJEYAKUMAR.K.N,AIADMK,113384,62.44,Kongu,GEN,RAVI (Alias) SUBRAMANIAN . M,CPI,73282,40102
114,Tiruppur (South),SELVARAJ. K.,DMK,75535,62.74,Kongu,GEN,GUNASEKARAN. S.,AIADMK,70826,4709
115,Palladam,ANANDAN M S M,AIADMK,126903,66.7,Kongu,GEN,MUTHURATHINAM K,DMK,94212,32691
116,Sulur,KANDASAMY V.P.,AIADMK,118968,75.57,Kongu,GEN,PREMIER SELVAM (a)KALICHAMY M,DMK,87036,31932
117,Kavundampalayam,G.Arunkumar,AIADMK,135669,66.13,Kongu,GEN,R.Krishnan,DMK,125893,9776
118,Coimbatore North,AMMAN K.ARJUNAN,AIADMK,81454,59.21,Kongu,GEN,SHANMUGASUNDARAM V.M,DMK,77453,4001
119,Thondamuthur,S.P. VELUMANI,AIADMK,124225,70.22,Kongu,GEN,KARTHIKEYA,DMK,82595,41630
120,Coimbatore South,VANATHI SRINIVASAN,BJP,53209,60.69,Kongu,GEN,KAMALHAASAN,MNM,51481,1728
121,Singanallur,"Jayaram, K.R",AIADMK,81244,61.73,Kongu,GEN,"Karthik, N",DMK,70390,10854
122,Kinathukadavu,Damodaran.S,AIADMK,101537,70.64,Kongu,GEN,Kuruchi Prabhakaran,DMK,100442,1095
123,Pollachi,Pollachi V. Jayaraman,AIADMK,80567,77.34,Kongu,GEN,"Dr. Varadharajan, K.",DMK,78842,1725
124,Valparai,AMULKANDASAMI T K,AIADMK,71672,70.04,Kongu,SC,ARUMUGAM M,CPI,59449,12223
125,Udumalpet,"Radhakrishnan,K.",AIADMK,96893,71.31,Kongu,GEN,"Thennarasu,K.",INC,74998,21895
126,Madathukulam,C MAHENDRAN,AIADMK,84313,72.45,Kongu,GEN,R.JAYARAMAKRISHNAN,DMK,77875,6438
127,Palani,SENTHIL KUMAR I.P,DMK,108566,73.33,South,GEN,RAVI MANOHARAN K,AIADMK,78510,30056
128,Oddanchatram,SAKKARAPANI R,DMK,109970,83.08,South,GEN,NATARAJ N.P,AIADMK,81228,28742
129,Athoor,PERIYASAMY I,DMK,165809,77.96,South,GEN,THILAGABAMA M,PMK,30238,135571
130,Nilakottai,S.Thenmozhi,AIADMK,91461,75.07,South,SC,K.Murugavelrajan,DMK,63843,27618
131,Natham,NATHAM.R.VISWANATHAN,AIADMK,107762,78.95,South,GEN,M.A.ANDI AMBALAM,DMK,95830,11932
132,Dindigul,SREENIVASAN.C,AIADMK,90595,69.27,South,GEN,PANDI.N,CPI(M),72848,17747
133,Vedasandur,GANDHIRAJAN S,DMK,106481,80.16,South,GEN,PARAMASIVAM V P B,AIADMK,88928,17553
134,Aravakurichi,ELANGO. R,DMK,93369,81.92,Kongu,GEN,ANNAMALAI. K,BJP,68553,24816
135,Karur,SENTHILBALAJI V,DMK,101757,83.57,Kongu,GEN,VIJAYABHASKAR. M.R,AIADMK,89309,12448
136,Krishnarayapuram,SIVAGAMA SUNDARI.K,DMK,96540,84.17,Kongu,SC,MUTHUKUMAR,AIADMK,64915,31625
137,Kulithalai,R.Manickam,DMK,100829,86.16,Kongu,GEN,N.R.Chandrasekar,AIADMK,77289,23540
138,Manapparai,ABDUL SAMAD P,DMK,98077,76.02,Delta,GEN,CHANDRASEKAR.R,AIADMK,85834,12243
139,Srirangam,Palaniyandi.M,DMK,113904,76.15,Delta,GEN,KuPa Krishnan,AIADMK,93989,19915
140,Tiruchirapalli (West),"Nehru, K.N.",DMK,118133,67.01,Delta,GEN,"Padmanathan, V.",AIADMK,33024,85109
141,Tiruchirapalli (East),"INIGO IRUDAYARAJ,S.",DMK,94302,66.87,Delta,GEN,"VELLAMANDI NATARAJAN,N.",AIADMK,40505,53797
142,Thiruverambur,ANBIL MAHESH POYYAMOZHI,DMK,105424,66.59,Delta,GEN,P KUMAR,AIADMK,55727,49697
143,Lalgudi,A.SOUNDARAPANDIAN,DMK,84914,79.23,Delta,GEN,D.R.DHARMARAJ,AIADMK,67965,16949
144,Manachanallur,S. KATHIRAVAN,DMK,116334,79.63,Delta,GEN,M. PARANJOTHI,AIADMK,56716,59618
145,Musiri,N. Thiyagarajan,DMK,90624,75.98,Delta,GEN,M. Selvarasu,AIADMK,63788,26836
146,Thuraiyur,S.STALINKUMAR,DMK,87786,76.63,Delta,SC,T.INDRAGANDHI,AIADMK,65715,22071
147,Perambalur,"PRABHAHARAN, M.",DMK,122090,78.2,Central,SC,"THAMIZHSELVAN, R.",AIADMK,91056,31034
148,Kunnam,"SIVASANKAR, S.S.",DMK,103922,80.05,Central,GEN,"RAMACHANDRAN, R.T.",AIADMK,97593,6329
149,Ariyalur,CHINNAPPA K,DMK,103975,84.54,Central,GEN,RAJENDRAN S,AIADMK,100741,3234
150,Jayankondam,KANNAN KA SO KA,DMK,99529,80.38,Central,GEN,BALU K,PMK,94077,5452
151,Tittakudi,"GANESAN,  C.V.",DMK,83726,76.3,Central,SC,"PERIYASAMY,  D.",BJP,62163,21563
152,Vriddhachalam,Radhakrishnan,INC,77064,77.02,Central,GEN,Karthikeyan. J,PMK,76202,862
153,Neyveli,SABA.RAJENDRAN,DMK,75177,74.25,Central,GEN,JAGAN.K,PMK,74200,977
154,Panruti,VELMURUGAN.T,DMK,93801,79.6,Central,GEN,RAJENDRAN.R,AIADMK,89104,4697
155,Cuddalore,G.IYAPPAN,DMK,84563,74.77,Central,GEN,M.C.SAMPATH,AIADMK,79412,5151
156,Kurinjipadi,M.R.K.PANNEERSELVAM,DMK,101456,82.06,Central,GEN,SELVI RAMAJAYAM,AIADMK,83929,17527
157,Bhuvanagiri,Arunmozhithevan. A,AIADMK,96453,78.57,Central,GEN,Saravanan. Durai.K,DMK,88194,8259
158,Chidambaram,K.A. PANDIAN,AIADMK,91961,71.93,Central,GEN,S. ABDUL RAHMAN,IUML,75024,16937
159,Kattumannarkoil,SINTHANAI SELVAN,VCK,86056,75.87,Central,SC,N. MURUGUMARAN,AIADMK,75491,10565
160,Sirkali,PANNEERSELVAM,DMK,94057,74.91,Delta,SC,P.V.BHARATHI,AIADMK,81909,12148
161,Mayiladuthurai,Rajakumar.S,INC,73642,70.14,Delta,GEN,Palanisamy.A,PMK,70900,2742
162,Poompuhar,Nivedha M. Murugan,DMK,96102,75.19,Delta,GEN,S.Pavunraj,AIADMK,92803,3299
163,Nagapattinam,J. Mohamed Shanavas,VCK,66281,71.97,Delta,GEN,Thanka.kathiravan,AIADMK,59043,7238
164,Kilvelur,NAGAIMAALI V P,CPI(M),67988,79.43,Delta,SC,VADIVEL RAVANAN  S,PMK,51003,16985
165,Vedaranyam,O.S.MANIAN,AIADMK,78719,80.6,Delta,GEN,S.K.VETHARATHINAM,DMK,66390,12329
166,Thiruthuraipundi,MARIMUTHU K,CPI,97092,76.74,Delta,SC,SURESH KUMAR C,AIADMK,67024,30068
167,Mannargudi,RAJAA T R B,DMK,87172,74.34,Delta,GEN,RAJAMANICKAM  SIVA,AIADMK,49779,37393
168,Thiruvarur,KALAIVANAN  POONDI  K.,DMK,108906,73.25,Delta,GEN,PANNERSELVAM A.N.R.,AIADMK,57732,51174
169,Nannilam,KAMARAJ R,AIADMK,103637,81.08,Delta,GEN,JOTHIRAMAN  S,DMK,99213,4424
170,Thiruvidamarudur,"CHEZHIAAN,  GOVI.",DMK,95763,75.76,Delta,SC,"UNION VEERAMANI, S.",AIADMK,85083,10680
171,Kumbakonam,"ANBALAGAN, G.",DMK,96057,71.45,Delta,GEN,"SRITHAR VANDAYAR, G.M.",AIADMK,74674,21383
172,Papanasam,"Dr.JAWAHIRULLAH, M.H.",DMK,86567,74.76,Delta,GEN,"GOPINATHAN, K.",AIADMK,70294,16273
173,Thiruvaiyaru,DURAI.CHANDRASEKARAN,DMK,103210,78.11,Delta,GEN,"VENKATESAN, S.",BJP,49560,53650
174,Thanjavur,"NEELAMEGAM, T.K.G.",DMK,103772,65.72,Delta,GEN,"ARIVUDAINAMBI, V.",AIADMK,56623,47149
175,Orathanad,"VAITHILINGAM, R.",AIADMK,90063,78.29,Delta,GEN,"RAMCHANDRAN, M.",DMK,61228,28835
176,Pattukkottai,"ANNADURAI, K.",DMK,79065,71.66,Delta,GEN,"RENGARAJAN, N.R.",AIADMK,53796,25269
177,Peravurani,"ASHOKKUMAR, N.",DMK,89130,77.02,Delta,GEN,"THIRUGNANASAMBANDAM, S.V.",AIADMK,65627,23503
178,Gandharvakottai,M.Chinnadurai,CPI(M),69710,74.45,Delta,SC,S.Jayabharathi,AIADMK,56989,12721
179,Viralimalai,VIJAYA BASKER C,AIADMK,102179,85.43,Delta,GEN,PALANIAPPAN,DMK,78581,23598
180,Pudukkottai,V . MUTHURAJA,DMK,85802,72.94,Delta,GEN,KARTHIK THONDAIMAN,AIADMK,72801,13001
181,Thirumayam,S.REGUPATHY,DMK,71349,75.85,Delta,GEN,P.K.VAIRAMUTHU,AIADMK,69967,1382
182,Alangudi,SIVA.V.MEYYANATHAN,DMK,87935,78.47,Delta,GEN,DHARMA THANGAVEL,AIADMK,62088,25847
183,Arantangi,RAMACHANDRAN T,INC,81835,70.21,Delta,GEN,RAJANAYAGAM M,AIADMK,50942,30893
184,Karaikudi,S.Mangudi,INC,75954,66.23,South,GEN,H.Raja,BJP,54365,21589
185,Tiruppattur,KR.PERIYAKARUPPAN,DMK,103682,71.98,South,GEN,MARUDHU ALAGURAJ,AIADMK,66308,37374
186,Sivaganga,PR. Senthilnathan,AIADMK,82153,66.29,South,GEN,S. Gunasekaran,CPI,70900,11253
187,Manamadurai,Tamilarasi A.,DMK,89364,72.05,South,SC,Nagarajan S.,AIADMK,75273,14091
188,Melur,PERIYAPULLAN @ SELVAM  P.,AIADMK,83344,74.23,South,GEN,RAVICHANDRAN  T.,INC,48182,35162
189,Madurai East,MOORTHY P,DMK,122729,71.34,South,GEN,GOPALAKRISHNAN R,AIADMK,73125,49604
190,Sholavandan,VENKATESAN A,DMK,84240,79.49,South,SC,MANICKAM K,AIADMK,67195,17045
191,Madurai North,THALAPATHI G,DMK,73010,63.6,South,GEN,SARAVANAN P,BJP,50094,22916
192,Madurai South,BOOMINATHAN.M,DMK,62812,63.8,South,GEN,SARAVANAN. S.S,AIADMK,56297,6515
193,Madurai Central,PALANIVEL THIAGA RAJAN,DMK,73205,61.03,South,GEN,JOTHI MUTHURAMALINGAM N,AIADMK,39029,34176
194,Madurai West,RAJU. K,AIADMK,83883,65.12,South,GEN,CHINNAMMAL. C,DMK,74762,9121
195,Thiruparankundram,"RAJANCHELLAPPA, V.V.",AIADMK,103683,72.73,South,GEN,PONNUTHAI,CPI(M),74194,29489
196,Thirumangalam,UDHAYAKUMAR R B,AIADMK,100338,78.13,South,GEN,MANIMARAN M,DMK,86251,14087
197,Usilampatti,AYYAPPAN P,AIADMK,71255,73.82,South,GEN,KATHIRAVAN P V,DMK,63778,7477
198,Andipatti,A.MAHARAJAN,DMK,93541,74.85,South,GEN,A.LOGIRAJAN,AIADMK,85003,8538
199,Periyakulam,K.S.SARAVANAKUMAAR,DMK,92251,69.94,South,SC,M Murugan,AIADMK,70930,21321
200,Bodinayakanur,O.PANNEERSELVAM,AIADMK,100050,76.3,South,GEN,THANGATAMILSELVAN,DMK,89029,11021
201,Cumbum,N.Ramakrishnan,DMK,104800,69.51,South,GEN,Syedukhan.S.P.M,AIADMK,62387,42413
202,Rajapalayam,THANGAPANDIAN S.,DMK,74158,73.89,South,GEN,RAJENTHRABHALAJI K.T,AIADMK,70260,3898
203,Srivilliputhur,"MANRAJ, E.M.",AIADMK,70475,73.14,South,SC,"MADHAVARAO, P.S.W.",INC,57737,12738
204,Sattur,"RAGHURAMAN,  A.R.R.",DMK,74174,75.17,South,GEN,"RAVICHANDHRAN, R.K.",AIADMK,62995,11179
205,Sivakasi,Ashokan.G,INC,78947,70.16,South,GEN,Lakshmi Ganesan,AIADMK,61628,17319
206,Virudhunagar,SEENIVASAN A.R.R,DMK,73297,71.27,South,GEN,PANDURANGAN G,BJP,51958,21339
207,Aruppukottai,K.K.S.S.R.RAMACHANDRAN,DMK,91040,75.6,South,GEN,VAIGAICHELVAN,AIADMK,52006,39034
208,Tiruchuli,THANGAM THENARASU,DMK,102225,77.46,South,GEN,RAJASEKAR S,AIADMK,41233,60992
209,Paramakudi,MURUGESAN S,DMK,84864,70.59,South,SC,SADHAN PRABHAKAR N,AIADMK,71579,13285
210,Tiruvadanai,KARUMANICKAM,INC,79364,68.72,South,GEN,K C ANIMUTHU,AIADMK,65512,13852
211,Ramanathapuram,KATHARBATCHA MUTHURAMALINGAM,DMK,111082,68.81,South,GEN,D.KUPPURAMU,BJP,60603,50479
212,Mudukulathur,R.S.RAJAKANNAPPAN,DMK,101901,70.29,South,GEN,KEERTHIKA,AIADMK,81180,20721
213,Vilathikulam,MARKANDAYAN V,DMK,90348,76.52,South,GEN,CHINNAPPAN P,AIADMK,51799,38549
214,Thoothukkudi,P.Geetha Jeevan,DMK,92314,65.07,South,GEN,SDR Vijayaseelan,AIADMK,42004,50310
215,Tiruchendur,Anitha R. Radhakrishnan,DMK,88274,70.04,South,GEN,Radhakrishnan M,AIADMK,63011,25263
216,Srivaikuntam,Amirtharaj .S,INC,76843,72.34,South,GEN,S.P.SHUNMUGANATHAN,AIADMK,59471,17372
217,Ottapidaram,SHUNMUGAIAH C,DMK,73110,69.82,South,SC,MOHAN P,AIADMK,64600,8510
218,Kovilpatti,KADAMBUR RAJU,AIADMK,68556,67.43,South,GEN,TTV DHINAKARAN,AMMK,56153,12403
219,Sankarankovil,RAJA E,DMK,71347,71.48,South,SC,RAJALAKSHMI V M,AIADMK,66050,5297
220,Vasudevanallur,"SADHAN THIRUMALAIKUMAR, DOCTOR.T",DMK,68730,71.87,South,SC,MANOHARAN A,AIADMK,66363,2367
221,Kadayanallur,C.KRISHNAMURALI,AIADMK,88474,70.35,South,GEN,K.A.M.MUHAMMED ABUBACKER,IUML,64125,24349
222,Tenkasi,PALANI NADAR.S,INC,89315,72.4,South,GEN,SELVA MOHANDAS PANDIAN.S,AIADMK,88945,370
223,Alangulam,PAUL MANOJ PANDIAN,AIADMK,74153,77.4,South,GEN,DR.POONGOTHAI ALADI ARUNA,DMK,70614,3539
224,Tirunelveli,Nainar Nagenthran,BJP,92282,66.91,South,GEN,"Lakshmanan,A.L.S.",DMK,69175,23107
225,Ambasamudram,E.SUBAYA,AIADMK,85211,72.03,South,GEN,R.AVUDAIAPPAN,DMK,68296,16915
226,Palayamcottai,ABDUL WAHAB .M,DMK,89117,57.76,South,GEN,GERALD .G,AIADMK,36976,52141
227,Nanguneri,RUBY R MANOHARAN,INC,75902,68.59,South,GEN,GANESARAJA,AIADMK,59416,16486
228,Radhapuram,M.Appavu,DMK,82331,68.08,South,GEN,I.S.Inbadurai,AIADMK,76406,5925
229,Kanniyakumari,THALAVAI SUNDARAM N.,AIADMK,109745,75.19,South,GEN,AUSTIN S.,DMK,93532,16213
230,Nagercoil,Gandhi M.R.,BJP,88804,67.06,South,GEN,Suresh Rajan N.,DMK,77135,11669
231,Colachel,Prince J.G.,INC,90681,67.27,South,GEN,Ramesh P.,BJP,65849,24832
232,Padmanabhapuram,"Mano Thangaraj, T.",DMK,87744,70.08,South,GEN,"John Thankam, D.",AIADMK,60859,26885
233,Vilavancode,VIJAYADHARANI S,INC,87473,66.83,South,GEN,JAYASEELAN R,BJP,58804,28669
234,Killiyoor,RAJESH KUMAR  S,INC,101541,65.87,South,GEN,JUDE DEV   K.V,AIADMK,46141,55400
